vore,awake,brainwt
carni,13.9,0.07
omni,15.1,0.0025
herbi,21.1,0.655
omni,9.1,0.00029
carni,14.2,0.0504
herbi,20.9,0.419
herbi,14.6,0.0055
omni,14.3,0.44
insecti,5.9,0.081
herbi,10.2,0.004
omni,14.2,0.005
omni,15.7,0.0066
insecti,4.1,0.00025
omni,6,0.0063
carni,17.8,0.325
herbi,17.7,0.01227
omni,14.4,0.02
omni,14.9,0.18
herbi,12.7,0.00118
omni,13.9,0.0035
omni,13.9,0.179
herbi,19.6,0.169
omni,8.4,0.0026